OP_name,resname,atom1,atom2,OP_mean,OP_stddev,OP_stem  
sn1_C2a,PSM,C2F,H2F,-0.14032, 0.04047, 0.00464 
sn1_C2b,PSM,C2F,H2G,-0.10420, 0.03679, 0.00422 
sn1_C3a,PSM,C3F,H3F,-0.22480, 0.02348, 0.00269 
sn1_C3b,PSM,C3F,H3G,-0.13092, 0.03159, 0.00362 
sn1_C4a,PSM,C4F,H4F,-0.24019, 0.02065, 0.00237 
sn1_C4b,PSM,C4F,H4G,-0.20931, 0.02121, 0.00243 
sn1_C5a,PSM,C5F,H5F,-0.23834, 0.02008, 0.00230 
sn1_C5b,PSM,C5F,H5G,-0.22510, 0.02308, 0.00265 
sn1_C6a,PSM,C6F,H6F,-0.24722, 0.02134, 0.00245 
sn1_C6b,PSM,C6F,H6G,-0.24229, 0.02094, 0.00240 
sn1_C7a,PSM,C7F,H7F,-0.24794, 0.02104, 0.00241 
sn1_C7b,PSM,C7F,H7G,-0.24885, 0.02171, 0.00249 
sn1_C8a,PSM,C8F,H8F,-0.24463, 0.02281, 0.00262 
sn1_C8b,PSM,C8F,H8G,-0.24660, 0.02009, 0.00231 
sn1_C9a,PSM,C9F,H9F,-0.23920, 0.02515, 0.00289 
sn1_C9b,PSM,C9F,H9G,-0.24191, 0.02293, 0.00263 
sn1_C10a,PSM,C10F,H10F,-0.22484, 0.02600, 0.00298 
sn1_C10b,PSM,C10F,H10G,-0.22983, 0.02249, 0.00258 
sn1_C11a,PSM,C11F,H11F,-0.21683, 0.02192, 0.00251 
sn1_C11b,PSM,C11F,H11G,-0.21759, 0.02182, 0.00250 
sn1_C12a,PSM,C12F,H12F,-0.19828, 0.02054, 0.00236 
sn1_C12b,PSM,C12F,H12G,-0.19805, 0.02278, 0.00261 
sn1_C13a,PSM,C13F,H13F,-0.17998, 0.02102, 0.00241 
sn1_C13b,PSM,C13F,H13G,-0.17915, 0.02086, 0.00239 
sn1_C14a,PSM,C14F,H14F,-0.14940, 0.02149, 0.00247 
sn1_C14b,PSM,C14F,H14G,-0.15167, 0.01919, 0.00220 
sn1_C15a,PSM,C15F,H15F,-0.11981, 0.02245, 0.00257 
sn1_C15b,PSM,C15F,H15G,-0.11599, 0.02026, 0.00232 
sn1_C16a,PSM,C16F,H16F,-0.03137, 0.02075, 0.00238 
sn1_C16b,PSM,C16F,H16G,-0.02565, 0.01692, 0.00194 
sn1_C16c,PSM,C16F,H16H,-0.03236, 0.01794, 0.00206 
sn2_C4a,PSM,C4S,H4S,-0.15935, 0.02751, 0.00316 
sn2_C5a,PSM,C5S,H5S,-0.15641, 0.02824, 0.00324 
sn2_C6a,PSM,C6S,H6S,-0.29067, 0.01681, 0.00193 
sn2_C6b,PSM,C6S,H6T,-0.27648, 0.02133, 0.00245 
sn2_C7a,PSM,C7S,H7S,-0.25066, 0.02139, 0.00245 
sn2_C7b,PSM,C7S,H7T,-0.24676, 0.02042, 0.00234 
sn2_C8a,PSM,C8S,H8S,-0.26520, 0.01970, 0.00226 
sn2_C8b,PSM,C8S,H8T,-0.26229, 0.01845, 0.00212 
sn2_C9a,PSM,C9S,H9S,-0.25753, 0.01958, 0.00225 
sn2_C9b,PSM,C9S,H9T,-0.25200, 0.02222, 0.00255 
sn2_C10a,PSM,C10S,H10S,-0.26253, 0.01919, 0.00220 
sn2_C10b,PSM,C10S,H10T,-0.26059, 0.02102, 0.00241 
sn2_C11a,PSM,C11S,H11S,-0.24297, 0.02329, 0.00267 
sn2_C11b,PSM,C11S,H11T,-0.24620, 0.02140, 0.00246 
sn2_C12a,PSM,C12S,H12S,-0.24294, 0.02373, 0.00272 
sn2_C12b,PSM,C12S,H12T,-0.24324, 0.02198, 0.00252 
sn2_C13a,PSM,C13S,H13S,-0.21987, 0.02459, 0.00282 
sn2_C13b,PSM,C13S,H13T,-0.22212, 0.02090, 0.00240 
sn2_C14a,PSM,C14S,H14S,-0.21261, 0.02134, 0.00245 
sn2_C14b,PSM,C14S,H14T,-0.21422, 0.02019, 0.00232 
sn2_C15a,PSM,C15S,H15S,-0.18498, 0.02273, 0.00261 
sn2_C15b,PSM,C15S,H15T,-0.18686, 0.02166, 0.00248 
sn2_C16a,PSM,C16S,H16S,-0.16584, 0.02095, 0.00240 
sn2_C16b,PSM,C16S,H16T,-0.16545, 0.02335, 0.00268 
sn2_C17a,PSM,C17S,H17S,-0.12169, 0.02190, 0.00251 
sn2_C17b,PSM,C17S,H17T,-0.12034, 0.02304, 0.00264 
sn2_C18a,PSM,C18S,H18S,-0.04662, 0.01748, 0.00200 
sn2_C18b,PSM,C18S,H18T,-0.04301, 0.01585, 0.00182 
